country,product_category,orders,total_quantity,revenue,avg_delivery_days
MY,Fashion,32804,328040,71107942.99,8.0008
MY,Beauty,32800,328000,71098808.05,7.9993
MY,Books,32796,327960,71074738.62,7.9999
SG,Electronics,32805,295245,63994304.11,6.9998
SG,Sports,32802,295218,63990521.09,6.9996
SG,Home,32803,295227,63982800.02,7.0005
VN,Beauty,65637,262618,56920327.03,8.0002
VN,Fashion,65630,262572,56905699.00,8.0004
TH,Fashion,32798,262384,56902356.10,8.0007
VN,Books,65623,262550,56898925.69,8.0001
VN,Home,65611,262453,56896422.24,7.0006
TH,Beauty,32803,262424,56892210.31,7.9993
VN,Sports,65604,262446,56889117.71,7.0006
TH,Books,32799,262392,56887793.82,8.0001
VN,Electronics,65605,262441,56880732.83,6.9999
MY,Electronics,32805,164025,35554122.19,7.0001
MY,Home,32803,164015,35549397.99,6.9993
MY,Sports,32802,164010,35543208.01,6.9987
SG,Books,32795,131180,28443559.77,7.9995
SG,Beauty,32789,131156,28435750.03,7.9995
SG,Fashion,32796,131184,28434165.82,7.9989
TH,Electronics,32799,98397,21328579.40,6.9994
TH,Sports,32799,98397,21322022.26,6.9991
TH,Home,32792,98376,21315823.19,7.0016
